{
  "version": 1,
  "width": 120,
  "height": 60,
  "duration": 18.089373,
  "command": null,
  "title": null,
  "env": {
    "TERM": "xterm-256color",
    "SHELL": "/bin/bash"
  },
  "stdout": [
    [
      0.008124,
      "\u001b[?1034hbash-3.2$ "
    ],
    [
      1.760775,
      "g"
    ],
    [
      0.095885,
      "i"
    ],
    [
      0.088059,
      "t"
    ],
    [
      0.104168,
      " "
    ],
    [
      0.159783,
      "c"
    ],
    [
      0.112189,
      "l"
    ],
    [
      0.143829,
      "o"
    ],
    [
      0.071907,
      "n"
    ],
    [
      0.120011,
      "e"
    ],
    [
      0.111986,
      " "
    ],
    [
      0.339496,
      "git@git"
    ],
    [
      2.3e-05,
      "hub.c"
    ],
    [
      1.2e-05,
      "om"
    ],
    [
      1.1e-05,
      ":s"
    ],
    [
      1.7e-05,
      "ma"
    ],
    [
      1.4e-05,
      "rty"
    ],
    [
      1.1e-05,
      "st"
    ],
    [
      1e-05,
      "re"
    ],
    [
      1e-05,
      "e"
    ],
    [
      1e-05,
      "t"
    ],
    [
      1.4e-05,
      "s/"
    ],
    [
      1e-05,
      "sm"
    ],
    [
      1.3e-05,
      "a"
    ],
    [
      1e-05,
      "rt"
    ],
    [
      4.9e-05,
      "y"
    ],
    [
      1.8e-05,
      "streets"
    ],
    [
      1.1e-05,
      "-"
    ],
    [
      1.3e-05,
      "p"
    ],
    [
      1.1e-05,
      "hp"
    ],
    [
      9e-06,
      "-"
    ],
    [
      1e-05,
      "s"
    ],
    [
      1e-05,
      "d"
    ],
    [
      1e-05,
      "k"
    ],
    [
      1.2e-05,
      "."
    ],
    [
      1.1e-05,
      "gi"
    ],
    [
      1.3e-05,
      "t"
    ],
    [
      0.418719,
      "\r\n"
    ],
    [
      0.003524,
      "Cloning into 'smartystreets-php-sdk'...\r\n"
    ],
    [
      0.598456,
      "remote: Counting objects: 1288, done.\u001b[K\r\n"
    ],
    [
      0.03733,
      "Receiving objects:   0% (1/1288)   \r"
    ],
    [
      0.000317,
      "Receiving objects:   1% (13/1288)   \r"
    ],
    [
      0.000436,
      "Receiving objects:   2% (26/1288)   \r"
    ],
    [
      0.000325,
      "Receiving objects:   3% (39/1288)   \r"
    ],
    [
      0.000333,
      "Receiving objects:   4% (52/1288)   \r"
    ],
    [
      0.00028,
      "Receiving objects:   5% (65/1288)   \r"
    ],
    [
      0.000328,
      "Receiving objects:   6% (78/1288)   \r"
    ],
    [
      0.034158,
      "Receiving objects:   7% (91/1288)   \r"
    ],
    [
      0.000586,
      "Receiving objects:   8% (104/1288)   \r"
    ],
    [
      0.000569,
      "Receiving objects:   9% (116/1288)   \r"
    ],
    [
      0.000326,
      "Receiving objects:  10% (129/1288)   \r"
    ],
    [
      0.00036,
      "Receiving objects:  11% (142/1288)   \r"
    ],
    [
      0.000393,
      "Receiving objects:  12% (155/1288)   \r"
    ],
    [
      0.000246,
      "Receiving objects:  13% (168/1288)   \r"
    ],
    [
      0.000172,
      "Receiving objects:  14% (181/1288)   \r"
    ],
    [
      0.000178,
      "Receiving objects:  15% (194/1288)   \r"
    ],
    [
      1.8e-05,
      "Receiving objects:  16% (207/1288)   \r"
    ],
    [
      0.000196,
      "Receiving objects:  17% (219/1288)   \r"
    ],
    [
      8.5e-05,
      "Receiving objects:  18% (232/1288)   \r"
    ],
    [
      0.000136,
      "Receiving objects:  19% (245/1288)   \r"
    ],
    [
      4.3e-05,
      "Receiving objects:  20% (258/1288)   \r"
    ],
    [
      0.000112,
      "Receiving objects:  21% (271/1288)   \r"
    ],
    [
      0.000165,
      "Receiving objects:  22% (284/1288)   \r"
    ],
    [
      6.9e-05,
      "Receiving objects:  23% (297/1288)   \r"
    ],
    [
      0.000235,
      "Receiving objects:  24% (310/1288)   \r"
    ],
    [
      7.2e-05,
      "Receiving objects:  25% (322/1288)   \r"
    ],
    [
      0.03349,
      "Receiving objects:  26% (335/1288)   \r"
    ],
    [
      0.000213,
      "Receiving objects:  27% (348/1288)   \r"
    ],
    [
      0.000211,
      "Receiving objects:  28% (361/1288)   \r"
    ],
    [
      0.000186,
      "Receiving objects:  29% (374/1288)   \r"
    ],
    [
      0.00017,
      "Receiving objects:  30% (387/1288)   \r"
    ],
    [
      9e-05,
      "Receiving objects:  31% (400/1288)   \r"
    ],
    [
      0.00012,
      "Receiving objects:  32% (413/1288)   \r"
    ],
    [
      0.001041,
      "Receiving objects:  33% (426/1288)   \r"
    ],
    [
      1.5e-05,
      "Receiving objects:  34% (438/1288)   \r"
    ],
    [
      0.000507,
      "Receiving objects:  35% (451/1288)   \rReceiving objects:  36% (464/1288)   \rReceiving objects:  37% (477/1288)   \rReceiving objects:  38% (490/1288)   \rReceiving objects:  39% (503/1288)   \rReceiving objects:  40% (516/1288)   \rReceiving objects:  41% (529/1288)   \rReceiving objects:  42% (541/1288)   \rReceiving objects:  43% (554/1288)   \rReceiving objects:  44% (567/1288)   \r"
    ],
    [
      1.7e-05,
      "Receiving objects:  45% (580/1288)   \r"
    ],
    [
      0.000114,
      "Receiving objects:  46% (593/1288)   \r"
    ],
    [
      1.6e-05,
      "Receiving objects:  47% (606/1288)   \r"
    ],
    [
      7.2e-05,
      "Receiving objects:  48% (619/1288)   \r"
    ],
    [
      1.5e-05,
      "Receiving objects:  49% (632/1288)   \r"
    ],
    [
      2.1e-05,
      "Receiving objects:  50% (644/1288)   \r"
    ],
    [
      6.1e-05,
      "Receiving objects:  51% (657/1288)   \r"
    ],
    [
      1.4e-05,
      "Receiving objects:  52% (670/1288)   \r"
    ],
    [
      9e-06,
      "Receiving objects:  53% (683/1288)   \r"
    ],
    [
      6.9e-05,
      "Receiving objects:  54% (696/1288)   \r"
    ],
    [
      6.5e-05,
      "Receiving objects:  55% (709/1288)   \r"
    ],
    [
      6.2e-05,
      "Receiving objects:  56% (722/1288)   \r"
    ],
    [
      0.034226,
      "Receiving objects:  57% (735/1288)   \r"
    ],
    [
      0.000118,
      "Receiving objects:  58% (748/1288)   \r"
    ],
    [
      0.000328,
      "Receiving objects:  59% (760/1288)   \r"
    ],
    [
      0.000243,
      "Receiving objects:  60% (773/1288)   \r"
    ],
    [
      3.3e-05,
      "Receiving objects:  61% (786/1288)   \r"
    ],
    [
      0.000364,
      "Receiving objects:  62% (799/1288)   \r"
    ],
    [
      0.000113,
      "remote: Total 1288 (delta 0), reused 0 (delta 0), pack-reused 1288\u001b[K\r\nReceiving objects:  63% (812/1288)   \r"
    ],
    [
      0.000206,
      "Receiving objects:  64% (825/1288)   \r"
    ],
    [
      0.000119,
      "Receiving objects:  65% (838/1288)   \r"
    ],
    [
      4.4e-05,
      "Receiving objects:  66% (851/1288)   \r"
    ],
    [
      0.000123,
      "Receiving objects:  67% (863/1288)   \r"
    ],
    [
      2.3e-05,
      "Receiving objects:  68% (876/1288)   \r"
    ],
    [
      0.000148,
      "Receiving objects:  69% (889/1288)   \r"
    ],
    [
      8.4e-05,
      "Receiving objects:  70% (902/1288)   \r"
    ],
    [
      0.000141,
      "Receiving objects:  71% (915/1288)   \r"
    ],
    [
      7.7e-05,
      "Receiving objects:  72% (928/1288)   \r"
    ],
    [
      2e-05,
      "Receiving objects:  73% (941/1288)   \r"
    ],
    [
      5.4e-05,
      "Receiving objects:  74% (954/1288)   \r"
    ],
    [
      0.000108,
      "Receiving objects:  75% (966/1288)   \r"
    ],
    [
      8.8e-05,
      "Receiving objects:  76% (979/1288)   \r"
    ],
    [
      4.8e-05,
      "Receiving objects:  77% (992/1288)   \r"
    ],
    [
      0.00012,
      "Receiving objects:  78% (1005/1288)   \r"
    ],
    [
      7.6e-05,
      "Receiving objects:  79% (1018/1288)   \r"
    ],
    [
      2e-05,
      "Receiving objects:  80% (1031/1288)   \r"
    ],
    [
      7.2e-05,
      "Receiving objects:  81% (1044/1288)   \r"
    ],
    [
      1.4e-05,
      "Receiving objects:  82% (1057/1288)   \r"
    ],
    [
      7.4e-05,
